購入日,費目,内容・購入物,用途,金額(税込),口座入金,口座出金,未払金（クレジットカード支払い）,支払先,証拠書類の番号
2026/7/25,物品費,アルミフレーム・キャスタ,ロボットの足回りとして,"7,612",,,"7,612",misumi,1
2026/8/3,物品費,ロボットアームB601-RS,ロボット搭載用のロボットアームとして,"289,596",,,"289,596",SeeedStudio,2
2026/8/3,物品費,機械学習向けノートパソコン,ロボット搭載、学習用のパソコンとして,"285,100",,,"285,100",ドスパラ,3
2026/8/17,入金,開発助成金入金分,,"1,000,000",1000000,,,,
2026/8/24,物品費,機械学習用カメラ,ロボットアーム制御用として,"16,829",,,"16,829",Amazon,4
2026/8/27,物品費,ロボットアーム、税関分,購入付帯関税,"29,050",,"29,050",,OCS,3
2026/8/29,物品費,クランプ、USBケーブル,ロボットアームを動作補助として,"1,762",,,"1,762",Amazon,5
2026/8/28,物品費,ロボット用コントローラ,ロボットアーム,"3,300",,,"3,300",Hardoff,6
2026/9/10,出金,未払金の回収,,"582,308",,582308,,,
2026/9/10,物品費,ロボット制御用自作基板,ロボットアームおよび車輪制御用として,"17,738",,,"17,738",JLCPCB,7
2026/9/11,物品費,基板輸入関税,購入付帯関税,"3,900",,3900,,DHL,7
2026/9/14,物品費,ロボット用センサ,ロボットの自動化を実現するため,"88,550",,"88,550",,光響,8
2026/9/18,物品費,アルミフレーム,ロボットの構造体として,"18,990",,,18990,misumi,10
2026/9/22,物品費,マイク,音源の方向推定の用途として,"10,063",,10063,,marutsu,9
2026/9/28,物品費,スイッチングハブ,LANポート拡張用として,"7,400",,,7400,Amazon,11
2026/9/28,物品費,ポータブル電源,ロボット用の電源として,"40,000",,,40000,EcoFlow,13
2026/9/29,物品費,DCジャック拡張,ロボット用の電源として,799,,,799,Amazon,12
2026/10/1,物品費,ロボット制御用自作基板,ロボットの非常停止用途として,"6,494",,,6494,JLCPCB,14
2026/9/27,物品費,ロボット用電源リレー,ロボットの非常停止用途として,"5,714",,,5714,AliExpress,15
2026/9/21,物品費,LEDライトバー,ロボットの警告灯として,"4,477",,,4477,AliExpress,18
2026/9/22,物品費,カメラ,ロボット外部、植物監視用途として,"16,435",,,16436,AliExpress,16
2026/9/22,物品費,GNSSセンサ,ロボット自己位置推定用途として,"11,148",,,11148,AliExpress,17
